AirportKey,AirportId,AirportCode,City,State,StateName
1,10135,ABE,"Allentown/Bethlehem/Easton, PA",PA,Pennsylvania
2,10136,ABI,"Abilene, TX",TX,Texas
3,10140,ABQ,"Albuquerque, NM",NM,New Mexico
4,10141,ABR,"Aberdeen, SD",SD,South Dakota
5,10146,ABY,"Albany, GA",GA,Georgia
6,10155,ACT,"Waco, TX",TX,Texas
7,10157,ACV,"Arcata/Eureka, CA",CA,California
8,10158,ACY,"Atlantic City, NJ",NJ,New Jersey
9,10165,ADK,"Adak Island, AK",AK,Alaska
10,10170,ADQ,"Kodiak, AK",AK,Alaska
11,10185,AEX,"Alexandria, LA",LA,Louisiana
12,10208,AGS,"Augusta, GA",GA,Georgia
13,10257,ALB,"Albany, NY",NY,New York
14,10275,ALW,"Walla Walla, WA",WA,Washington
15,10279,AMA,"Amarillo, TX",TX,Texas
16,10299,ANC,"Anchorage, AK",AK,Alaska
17,10333,APN,"Alpena, MI",MI,Michigan
18,10372,ASE,"Aspen, CO",CO,Colorado
19,10397,ATL,"Atlanta, GA",GA,Georgia
20,10408,ATW,"Appleton, WI",WI,Wisconsin
21,10423,AUS,"Austin, TX",TX,Texas
22,10431,AVL,"Asheville, NC",NC,North Carolina
23,10434,AVP,"Scranton/Wilkes-Barre, PA",PA,Pennsylvania
24,10466,AZA,"Phoenix, AZ",AZ,Arizona
25,10469,AZO,"Kalamazoo, MI",MI,Michigan
26,10529,BDL,"Hartford, CT",CT,Connecticut
27,10551,BET,"Bethel, AK",AK,Alaska
28,10558,BFF,"Scottsbluff, NE",NE,Nebraska
29,10561,BFL,"Bakersfield, CA",CA,California
30,10577,BGM,"Binghamton, NY",NY,New York
31,10581,BGR,"Bangor, ME",ME,Maine
32,10599,BHM,"Birmingham, AL",AL,Alabama
33,10617,BIH,"Bishop, CA",CA,California
34,10620,BIL,"Billings, MT",MT,Montana
35,10627,BIS,"Bismarck/Mandan, ND",ND,North Dakota
36,10631,BJI,"Bemidji, MN",MN,Minnesota
37,10666,BLI,"Bellingham, WA",WA,Washington
38,10676,BLV,"Belleville, IL",IL,Illinois
39,10685,BMI,"Bloomington/Normal, IL",IL,Illinois
40,10693,BNA,"Nashville, TN",TN,Tennessee
41,10713,BOI,"Boise, ID",ID,Idaho
42,10721,BOS,"Boston, MA",MA,Massachusetts
43,10728,BPT,"Beaumont/Port Arthur, TX",TX,Texas
44,10731,BQK,"Brunswick, GA",GA,Georgia
45,10732,BQN,"Aguadilla, PR",PR,Puerto Rico
46,10739,BRD,"Brainerd, MN",MN,Minnesota
47,10747,BRO,"Brownsville, TX",TX,Texas
48,10754,BRW,"Barrow, AK",AK,Alaska
49,10779,BTM,"Butte, MT",MT,Montana
50,10781,BTR,"Baton Rouge, LA",LA,Louisiana
51,10785,BTV,"Burlington, VT",VT,Vermont
52,10792,BUF,"Buffalo, NY",NY,New York
53,10800,BUR,"Burbank, CA",CA,California
54,10821,BWI,"Baltimore, MD",MD,Maryland
55,10849,BZN,"Bozeman, MT",MT,Montana
56,10868,CAE,"Columbia, SC",SC,South Carolina
57,10874,CAK,"Akron, OH",OH,Ohio
58,10918,CDC,"Cedar City, UT",UT,Utah
59,10926,CDV,"Cordova, AK",AK,Alaska
60,10980,CHA,"Chattanooga, TN",TN,Tennessee
61,10990,CHO,"Charlottesville, VA",VA,Virginia
62,10994,CHS,"Charleston, SC",SC,South Carolina
63,11003,CID,"Cedar Rapids/Iowa City, IA",IA,Iowa
64,11013,CIU,"Sault Ste. Marie, MI",MI,Michigan
65,11027,CKB,"Clarksburg/Fairmont, WV",WV,West Virginia
66,11042,CLE,"Cleveland, OH",OH,Ohio
67,11049,CLL,"College Station/Bryan, TX",TX,Texas
68,11057,CLT,"Charlotte, NC",NC,North Carolina
69,11066,CMH,"Columbus, OH",OH,Ohio
70,11067,CMI,"Champaign/Urbana, IL",IL,Illinois
71,11076,CMX,"Hancock/Houghton, MI",MI,Michigan
72,11092,CNY,"Moab, UT",UT,Utah
73,11109,COS,"Colorado Springs, CO",CO,Colorado
74,11111,COU,"Columbia, MO",MO,Missouri
75,11122,CPR,"Casper, WY",WY,Wyoming
76,11140,CRP,"Corpus Christi, TX",TX,Texas
77,11146,CRW,"Charleston/Dunbar, WV",WV,West Virginia
78,11150,CSG,"Columbus, GA",GA,Georgia
79,11193,CVG,"Cincinnati, OH",KY,Kentucky
80,11203,CWA,"Mosinee, WI",WI,Wisconsin
81,11233,CYS,"Cheyenne, WY",WY,Wyoming
82,11252,DAB,"Daytona Beach, FL",FL,Florida
83,11259,DAL,"Dallas, TX",TX,Texas
84,11267,DAY,"Dayton, OH",OH,Ohio
85,11278,DCA,"Washington, DC",VA,Virginia
86,11283,DDC,"Dodge City, KS",KS,Kansas
87,11288,DEC,"Decatur, IL",IL,Illinois
88,11292,DEN,"Denver, CO",CO,Colorado
89,11298,DFW,"Dallas/Fort Worth, TX",TX,Texas
90,11308,DHN,"Dothan, AL",AL,Alabama
91,11315,DIK,"Dickinson, ND",ND,North Dakota
92,11337,DLH,"Duluth, MN",MN,Minnesota
93,11413,DRO,"Durango, CO",CO,Colorado
94,11423,DSM,"Des Moines, IA",IA,Iowa
95,11433,DTW,"Detroit, MI",MI,Michigan
96,11447,DVL,"Devils Lake, ND",ND,North Dakota
97,11481,ECP,"Panama City, FL",FL,Florida
98,11503,EGE,"Eagle, CO",CO,Colorado
99,11525,EKO,"Elko, NV",NV,Nevada
100,11537,ELM,"Elmira/Corning, NY",NY,New York
101,11540,ELP,"El Paso, TX",TX,Texas
102,11587,ESC,"Escanaba, MI",MI,Michigan
103,11603,EUG,"Eugene, OR",OR,Oregon
104,11612,EVV,"Evansville, IN",IN,Indiana
105,11618,EWR,"Newark, NJ",NJ,New Jersey
106,11624,EYW,"Key West, FL",FL,Florida
107,11630,FAI,"Fairbanks, AK",AK,Alaska
108,11637,FAR,"Fargo, ND",ND,North Dakota
109,11638,FAT,"Fresno, CA",CA,California
110,11641,FAY,"Fayetteville, NC",NC,North Carolina
111,11648,FCA,"Kalispell, MT",MT,Montana
112,11695,FLG,"Flagstaff, AZ",AZ,Arizona
113,11697,FLL,"Fort Lauderdale, FL",FL,Florida
114,11721,FNT,"Flint, MI",MI,Michigan
115,11725,FOD,"Fort Dodge, IA",IA,Iowa
116,11775,FSD,"Sioux Falls, SD",SD,South Dakota
117,11778,FSM,"Fort Smith, AR",AR,Arkansas
118,11823,FWA,"Fort Wayne, IN",IN,Indiana
119,11865,GCC,"Gillette, WY",WY,Wyoming
120,11867,GCK,"Garden City, KS",KS,Kansas
121,11884,GEG,"Spokane, WA",WA,Washington
122,11898,GFK,"Grand Forks, ND",ND,North Dakota
123,11905,GGG,"Longview, TX",TX,Texas
124,11921,GJT,"Grand Junction, CO",CO,Colorado
125,11953,GNV,"Gainesville, FL",FL,Florida
126,11973,GPT,"Gulfport/Biloxi, MS",MS,Mississippi
127,11977,GRB,"Green Bay, WI",WI,Wisconsin
128,11980,GRI,"Grand Island, NE",NE,Nebraska
129,11982,GRK,"Killeen, TX",TX,Texas
130,11986,GRR,"Grand Rapids, MI",MI,Michigan
131,11995,GSO,"Greensboro/High Point, NC",NC,North Carolina
132,11996,GSP,"Greer, SC",SC,South Carolina
133,12003,GTF,"Great Falls, MT",MT,Montana
134,12007,GTR,"Columbus, MS",MS,Mississippi
135,12012,GUC,"Gunnison, CO",CO,Colorado
136,12016,GUM,"Guam, TT",TT,U.S. Pacific Trust Territories and Possessions
137,12094,HDN,"Hayden, CO",CO,Colorado
138,12119,HGR,"Hagerstown, MD",MD,Maryland
139,12124,HHH,"Hilton Head, SC",SC,South Carolina
140,12129,HIB,"Hibbing, MN",MN,Minnesota
141,12156,HLN,"Helena, MT",MT,Montana
142,12173,HNL,"Honolulu, HI",HI,Hawaii
143,12191,HOU,"Houston, TX",TX,Texas
144,12197,HPN,"White Plains, NY",NY,New York
145,12206,HRL,"Harlingen/San Benito, TX",TX,Texas
146,12217,HSV,"Huntsville, AL",AL,Alabama
147,12223,HTS,"Ashland, WV",WV,West Virginia
148,12255,HYS,"Hays, KS",KS,Kansas
149,12264,IAD,"Washington, DC",VA,Virginia
150,12265,IAG,"Niagara Falls, NY",NY,New York
151,12266,IAH,"Houston, TX",TX,Texas
152,12278,ICT,"Wichita, KS",KS,Kansas
153,12280,IDA,"Idaho Falls, ID",ID,Idaho
154,12323,ILM,"Wilmington, NC",NC,North Carolina
155,12335,IMT,"Iron Mountain/Kingsfd, MI",MI,Michigan
156,12339,IND,"Indianapolis, IN",IN,Indiana
157,12343,INL,"International Falls, MN",MN,Minnesota
158,12391,ISP,"Islip, NY",NY,New York
159,12397,ITH,"Ithaca/Cortland, NY",NY,New York
160,12402,ITO,"Hilo, HI",HI,Hawaii
161,12441,JAC,"Jackson, WY",WY,Wyoming
162,12448,JAN,"Jackson/Vicksburg, MS",MS,Mississippi
163,12451,JAX,"Jacksonville, FL",FL,Florida
164,12478,JFK,"New York, NY",NY,New York
165,12511,JLN,"Joplin, MO",MO,Missouri
166,12519,JMS,"Jamestown, ND",ND,North Dakota
167,12523,JNU,"Juneau, AK",AK,Alaska
168,12559,JST,"Johnstown, PA",PA,Pennsylvania
169,12758,KOA,"Kona, HI",HI,Hawaii
170,12819,KTN,"Ketchikan, AK",AK,Alaska
171,12884,LAN,"Lansing, MI",MI,Michigan
172,12888,LAR,"Laramie, WY",WY,Wyoming
173,12889,LAS,"Las Vegas, NV",NV,Nevada
174,12891,LAW,"Lawton/Fort Sill, OK",OK,Oklahoma
175,12892,LAX,"Los Angeles, CA",CA,California
176,12896,LBB,"Lubbock, TX",TX,Texas
177,12898,LBE,"Latrobe, PA",PA,Pennsylvania
178,12899,LBF,"North Platte, NE",NE,Nebraska
179,12902,LBL,"Liberal, KS",KS,Kansas
180,12915,LCH,"Lake Charles, LA",LA,Louisiana
181,12917,LCK,"Columbus, OH",OH,Ohio
182,12945,LEX,"Lexington, KY",KY,Kentucky
183,12951,LFT,"Lafayette, LA",LA,Louisiana
184,12953,LGA,"New York, NY",NY,New York
185,12954,LGB,"Long Beach, CA",CA,California
186,12982,LIH,"Lihue, HI",HI,Hawaii
187,12992,LIT,"Little Rock, AR",AR,Arkansas
188,13029,LNK,"Lincoln, NE",NE,Nebraska
189,13061,LRD,"Laredo, TX",TX,Texas
190,13076,LSE,"La Crosse, WI",WI,Wisconsin
191,13127,LWS,"Lewiston, ID",ID,Idaho
192,13158,MAF,"Midland/Odessa, TX",TX,Texas
193,13184,MBS,"Saginaw/Bay City/Midland, MI",MI,Michigan
194,13198,MCI,"Kansas City, MO",MO,Missouri
195,13204,MCO,"Orlando, FL",FL,Florida
196,13211,MCW,"Mason City, IA",IA,Iowa
197,13230,MDT,"Harrisburg, PA",PA,Pennsylvania
198,13232,MDW,"Chicago, IL",IL,Illinois
199,13241,MEI,"Meridian, MS",MS,Mississippi
200,13244,MEM,"Memphis, TN",TN,Tennessee
201,13256,MFE,"Mission/McAllen/Edinburg, TX",TX,Texas
202,13264,MFR,"Medford, OR",OR,Oregon
203,13277,MGM,"Montgomery, AL",AL,Alabama
204,13290,MHK,"Manhattan/Ft. Riley, KS",KS,Kansas
205,13296,MHT,"Manchester, NH",NH,New Hampshire
206,13303,MIA,"Miami, FL",FL,Florida
207,13342,MKE,"Milwaukee, WI",WI,Wisconsin
208,13360,MLB,"Melbourne, FL",FL,Florida
209,13367,MLI,"Moline, IL",IL,Illinois
210,13377,MLU,"Monroe, LA",LA,Louisiana
211,13422,MOB,"Mobile, AL",AL,Alabama
212,13433,MOT,"Minot, ND",ND,North Dakota
213,13459,MQT,"Marquette, MI",MI,Michigan
214,13476,MRY,"Monterey, CA",CA,California
215,13485,MSN,"Madison, WI",WI,Wisconsin
216,13486,MSO,"Missoula, MT",MT,Montana
217,13487,MSP,"Minneapolis, MN",MN,Minnesota
218,13495,MSY,"New Orleans, LA",LA,Louisiana
219,13502,MTJ,"Montrose/Delta, CO",CO,Colorado
220,13577,MYR,"Myrtle Beach, SC",SC,South Carolina
221,13795,OAJ,"Jacksonville/Camp Lejeune, NC",NC,North Carolina
222,13796,OAK,"Oakland, CA",CA,California
223,13830,OGG,"Kahului, HI",HI,Hawaii
224,13851,OKC,"Oklahoma City, OK",OK,Oklahoma
225,13871,OMA,"Omaha, NE",NE,Nebraska
226,13873,OME,"Nome, AK",AK,Alaska
227,13891,ONT,"Ontario, CA",CA,California
228,13930,ORD,"Chicago, IL",IL,Illinois
229,13931,ORF,"Norfolk, VA",VA,Virginia
230,13933,ORH,"Worcester, MA",MA,Massachusetts
231,13964,OTH,"North Bend/Coos Bay, OR",OR,Oregon
232,13970,OTZ,"Kotzebue, AK",AK,Alaska
233,14004,PAE,"Everett, WA",WA,Washington
234,14025,PBG,"Plattsburgh, NY",NY,New York
235,14027,PBI,"West Palm Beach/Palm Beach, FL",FL,Florida
236,14057,PDX,"Portland, OR",OR,Oregon
237,14082,PGD,"Punta Gorda, FL",FL,Florida
238,14100,PHL,"Philadelphia, PA",PA,Pennsylvania
239,14107,PHX,"Phoenix, AZ",AZ,Arizona
240,14108,PIA,"Peoria, IL",IL,Illinois
241,14109,PIB,"Hattiesburg/Laurel, MS",MS,Mississippi
242,14112,PIE,"St. Petersburg, FL",FL,Florida
243,14113,PIH,"Pocatello, ID",ID,Idaho
244,14122,PIT,"Pittsburgh, PA",PA,Pennsylvania
245,14150,PLN,"Pellston, MI",MI,Michigan
246,14193,PNS,"Pensacola, FL",FL,Florida
247,14222,PPG,"Pago Pago, TT",TT,U.S. Pacific Trust Territories and Possessions
248,14237,PRC,"Prescott, AZ",AZ,Arizona
249,14252,PSC,"Pasco/Kennewick/Richland, WA",WA,Washington
250,14254,PSE,"Ponce, PR",PR,Puerto Rico
251,14256,PSG,"Petersburg, AK",AK,Alaska
252,14259,PSM,"Portsmouth, NH",NH,New Hampshire
253,14262,PSP,"Palm Springs, CA",CA,California
254,14307,PVD,"Providence, RI",RI,Rhode Island
255,14314,PVU,"Provo, UT",UT,Utah
256,14321,PWM,"Portland, ME",ME,Maine
257,14457,RAP,"Rapid City, SD",SD,South Dakota
258,14487,RDD,"Redding, CA",CA,California
259,14489,RDM,"Bend/Redmond, OR",OR,Oregon
260,14492,RDU,"Raleigh/Durham, NC",NC,North Carolina
261,14512,RFD,"Rockford, IL",IL,Illinois
262,14520,RHI,"Rhinelander, WI",WI,Wisconsin
263,14524,RIC,"Richmond, VA",VA,Virginia
264,14534,RIW,"Riverton/Lander, WY",WY,Wyoming
265,14543,RKS,"Rock Springs, WY",WY,Wyoming
266,14570,RNO,"Reno, NV",NV,Nevada
267,14574,ROA,"Roanoke, VA",VA,Virginia
268,14576,ROC,"Rochester, NY",NY,New York
269,14588,ROW,"Roswell, NM",NM,New Mexico
270,14633,RST,"Rochester, MN",MN,Minnesota
271,14635,RSW,"Fort Myers, FL",FL,Florida
272,14674,SAF,"Santa Fe, NM",NM,New Mexico
273,14679,SAN,"San Diego, CA",CA,California
274,14683,SAT,"San Antonio, TX",TX,Texas
275,14685,SAV,"Savannah, GA",GA,Georgia
276,14689,SBA,"Santa Barbara, CA",CA,California
277,14696,SBN,"South Bend, IN",IN,Indiana
278,14698,SBP,"San Luis Obispo, CA",CA,California
279,14709,SCC,"Deadhorse, AK",AK,Alaska
280,14711,SCE,"State College, PA",PA,Pennsylvania
281,14716,SCK,"Stockton, CA",CA,California
282,14730,SDF,"Louisville, KY",KY,Kentucky
283,14747,SEA,"Seattle, WA",WA,Washington
284,14761,SFB,"Sanford, FL",FL,Florida
285,14771,SFO,"San Francisco, CA",CA,California
286,14783,SGF,"Springfield, MO",MO,Missouri
287,14794,SGU,"St. George, UT",UT,Utah
288,14812,SHR,"Sheridan, WY",WY,Wyoming
289,14814,SHV,"Shreveport, LA",LA,Louisiana
290,14828,SIT,"Sitka, AK",AK,Alaska
291,14831,SJC,"San Jose, CA",CA,California
292,14842,SJT,"San Angelo, TX",TX,Texas
293,14843,SJU,"San Juan, PR",PR,Puerto Rico
294,14869,SLC,"Salt Lake City, UT",UT,Utah
295,14877,SLN,"Salina, KS",KS,Kansas
296,14893,SMF,"Sacramento, CA",CA,California
297,14905,SMX,"Santa Maria, CA",CA,California
298,14908,SNA,"Santa Ana, CA",CA,California
299,14952,SPI,"Springfield, IL",IL,Illinois
300,14955,SPN,"Saipan, TT",TT,U.S. Pacific Trust Territories and Possessions
301,14960,SPS,"Wichita Falls, TX",TX,Texas
302,14986,SRQ,"Sarasota/Bradenton, FL",FL,Florida
303,15008,STC,"St. Cloud, MN",MN,Minnesota
304,15016,STL,"St. Louis, MO",MO,Missouri
305,15023,STS,"Santa Rosa, CA",CA,California
306,15024,STT,"Charlotte Amalie, VI",VI,U.S. Virgin Islands
307,15027,STX,"Christiansted, VI",VI,U.S. Virgin Islands
308,15041,SUN,"Sun Valley/Hailey/Ketchum, ID",ID,Idaho
309,15048,SUX,"Sioux City, IA",IA,Iowa
310,15070,SWF,"Newburgh/Poughkeepsie, NY",NY,New York
311,15074,SWO,"Stillwater, OK",OK,Oklahoma
312,15096,SYR,"Syracuse, NY",NY,New York
313,15249,TLH,"Tallahassee, FL",FL,Florida
314,15295,TOL,"Toledo, OH",OH,Ohio
315,15304,TPA,"Tampa, FL",FL,Florida
316,15323,TRI,"Bristol/Johnson City/Kingsport, TN",TN,Tennessee
317,15356,TTN,"Trenton, NJ",NJ,New Jersey
318,15370,TUL,"Tulsa, OK",OK,Oklahoma
319,15376,TUS,"Tucson, AZ",AZ,Arizona
320,15380,TVC,"Traverse City, MI",MI,Michigan
321,15389,TWF,"Twin Falls, ID",ID,Idaho
322,15401,TXK,"Texarkana, AR",AR,Arkansas
323,15411,TYR,"Tyler, TX",TX,Texas
324,15412,TYS,"Knoxville, TN",TN,Tennessee
325,12544,USA,"Concord, NC",NC,North Carolina
326,15569,VCT,"Victoria, TX",TX,Texas
327,15582,VEL,"Vernal, UT",UT,Utah
328,15607,VLD,"Valdosta, GA",GA,Georgia
329,15624,VPS,"Valparaiso, FL",FL,Florida
330,15841,WRG,"Wrangell, AK",AK,Alaska
331,15919,XNA,"Fayetteville, AR",AR,Arkansas
332,16869,XWA,"Williston, ND",ND,North Dakota
333,15991,YAK,"Yakutat, AK",AK,Alaska
334,16218,YUM,"Yuma, AZ",AZ,Arizona
